Name,Symbol,Y_start,Y_end,Elev,Lat,Lon
Arbuckle Basin,CABS,1995,2022,1900,40.39833333333333,-122.83333333333331
Adin - Portable,CADI,-9999,-9999,-9999,-9999.0,-9999.0
Alder Springs,CALD,1994,2022,4300,39.65138888888889,-122.72361111111113
Alder Point,CAPT,1991,2022,923,40.18666666666666,-123.59027777777776
Ash Creek,CASC,1989,2022,3200,41.276944444444446,-121.97944444444444
Ash Valley,CASH,1991,2014,5100,41.051944444444445,-120.68611111111112
Atlas Peak,CATL,2005,2022,1934,38.47472222222223,-122.26472222222222
Backbone,CBAC,2000,2022,4700,40.88916666666667,-123.14222222222224
Bald Mtn Loc,CBAL,1989,2022,4680,38.90555555555555,-120.69722222222222
Burney Basin #1,CBB1,2010,2010,-9999,-9999.0,-9999.0
Burney Basin #2,CBB2,2010,2010,-9999,-9999.0,-9999.0
Burney Basin #3,CBB3,2010,2010,-9999,-9999.0,-9999.0
Burney Basin #4,CBB4,2010,2010,-9999,-9999.0,-9999.0
Burney Basin #5,CBB5,2010,2010,-9999,-9999.0,-9999.0
Big Bar,CBBR,1989,2022,1500,40.73333333333333,-123.23333333333332
Beckwourth,CBEC,1995,1996,5800,39.93833333333333,-120.56
Bangor,CBGR,1990,2022,803,39.3975,-121.38611111111112
Big Hill,CBIH,1997,2022,3570,41.0975,-123.63583333333334
Baker,CBKR,1990,1997,700,40.278888888888886,-122.48694444444445
Blue Door,CBLD,1991,2022,5615,41.05472222222222,-120.3375
Blacks Mountain,CBLM,2011,2022,5728,40.72444444444445,-121.17888888888888
Blue Ridge (KNF),CBLQ,2001,2022,5956,41.269444444444446,-123.1875
Blue Ridge,CBLR,1990,2005,4000,40.88916666666667,-123.14222222222224
Ben Bolt,CBLT,1990,2022,905,38.590833333333336,-120.93361111111112
Blue Mountain Lookout,CBML,2016,2022,-9999,-9999.0,-9999.0
Blacks Mtn - PSW,CBMN,1996,1998,6050,40.731388888888894,-121.11833333333333
Blue Mountain,CBMO,2011,2022,5740,41.82972222222222,-120.86305555555556
Bald Mountain PAL,CBMP,2008,2009,5670,38.13861111111111,-120.09194444444444
Brush Mountain,CBMT,2005,2022,3988,40.91555555555556,-123.66861111111112
Banner Road,CBNR,2014,2022,2803,38.28444444444444,-120.48972222222224
Bogard R.S.,CBOG,1992,2022,5650,40.59805555555556,-121.08305555555556
Bolam,CBOL,2007,2022,4453,41.53416666666666,-122.20861111111113
Boonville,CBOO,1990,2022,644,38.9875,-123.34861111111113
Boulder Cr Micro,CBOU,-9999,-9999,-9999,-9999.0,-9999.0
Bridgeport 4NW,CBR4,2002,2022,6650,38.27194444444444,-119.28916666666666
Bridgeport,CBRD,2002,2006,6480,38.27194444444444,-119.28916666666666
Bear Flat,CBRF,2003,2022,6200,41.295,-120.31333333333332
Baron,CBRN,2011,2022,6248,38.85416666666667,-120.02416666666666
Brooks,CBRO,1990,2022,354,38.73833333333334,-122.14472222222224
Bull Flat,CBUL,1991,2022,4395,40.48083333333334,-120.11388888888888
Butte Meadows,CBUT,1990,2000,4960,40.07888888888889,-121.5038888888889
Beaver Camp Loc,CBVR,1992,2022,5000,38.48833333333334,-120.325
Brazie Ranch,CBZE,1990,2022,3000,41.68527777777778,-122.59416666666668
Callahan,CCAL,1988,2022,3136,41.3075,-122.79583333333332
Canby,CCAN,1994,2015,4312,41.43416666666666,-120.86777777777776
Cold Creek,CCCK,2003,2004,6350,41.781666666666666,-120.31833333333331
CFA Raws,CCFA,2012,2022,660,38.38,-120.9302777777778
Callahan 2,CCH2,2003,2006,3911,41.3,-122.82444444444444
Chico,CCHC,1990,2014,230,39.71194444444445,-121.77888888888889
Challenge,CCHL,-9999,-9999,2557,39.48333333333333,-121.225
Chester,CCHS,1989,2022,4525,40.28972222222222,-121.08527777777778
Cold Springs,CCLD,2006,2022,6313,41.77555555555556,-120.33277777777778
Clover,CCLO,1997,2001,5760,39.86944444444445,-120.38194444444444
Camanche,CCMN,2002,2004,368,38.23111111111111,-121.0111111111111
Colby Mountain,CCMT,2015,2022,6262,40.145833333333336,-121.5225
Cohasset,CCOH,1990,2022,1733,39.87166666666667,-121.76888888888888
Collins Baldy,CCOL,1991,2022,5493,41.775,-122.9502777777778
Cooskie Mountain,CCOO,1985,2022,2950,40.25694444444444,-124.26611111111112
County Line,CCOU,1994,2022,2085,39.01888888888889,-122.41194444444444
Cow Mountain,CCOW,1995,1995,2180,39.187777777777775,-123.11944444444444
Coyote,CCOY,2006,2022,5548,39.98777777777778,-120.47666666666667
Camp 6,CCP6,2003,2007,3778,41.83083333333334,-123.87638888888888
Corning,CCRN,1998,2022,294,39.93888888888888,-122.16972222222223
Carpenter Ridge,CCRR,2000,2022,4812,40.06861111111112,-121.5825
Crazy Peak,CCRZ,1985,2022,3970,41.99194444444444,-123.6036111111111
Campo Seco,CCSC,2004,2022,399,38.22361111111111,-120.86638888888888
Cashman,CCSH,2001,2022,4520,40.001666666666665,-120.915
Camp Six,CCSX,2004,2022,3778,41.83083333333334,-123.87638888888888
Cow Mountain (A),CCWM,1985,1988,-9999,-9999.0,-9999.0
Davis,CDAV,2001,2001,6200,39.94166666666666,-120.55833333333334
Double Dome (Class III-9C),CDBD,2009,2010,-9999,-9999.0,-9999.0
Devils Garden,CDGR,1991,2022,5022,41.53,-120.6713888888889
D L Bliss S P,CDLB,2006,2009,6942,38.967777777777776,-120.1
Dog Valley,CDOG,2001,2022,5976,39.56194444444444,-120.04777777777778
Dorris Ranch,CDOR,1990,2002,2025,39.30361111111111,-121.1172222222222
Doublehead,CDOU,1997,1999,4000,41.625,-121.06777777777778
Doyle,CDOY,1987,2022,4240,40.02222222222222,-120.10555555555555
Duncan,CDUN,2001,2022,7100,39.14388888888889,-120.50888888888888
Dutch-Indy,CDUT,2010,2022,2310,41.64388888888889,-123.44416666666667
Eagle Peak,CEAG,1999,2022,3713,39.92777777777778,-122.65694444444443
Eel River Camp,CEEC,2001,2022,446,40.138333333333335,-123.8236111111111
Eel River,CEEL,1992,2022,1500,39.833333333333336,-123.08333333333331
Mount Elizabeth,CELI,1999,2022,4933,38.06305555555555,-120.24694444444444
Esperanza,CESP,1990,2014,2559,38.24277777777778,-120.515
Foresthill,CFOR,2000,2022,4355,39.09138888888889,-120.73166666666668
Friend Mountain,CFRI,1990,2022,4000,40.505,-123.34166666666668
Five Cent,CFVC,2004,2022,2613,40.75111111111111,-122.9177777777778
Gasquet 2,CGA2,2014,2022,433,41.43805555555555,-123.94527777777778
Gasquet,CGAS,1993,2015,500,41.84583333333334,-123.97916666666669
Grasshopper,CGHP,1990,2022,6158,40.781666666666666,-120.78444444444445
Goat Mtn. Lookout (P),CGML,1999,1999,-9999,-9999.0,-9999.0
Gordon,CGOR,2002,2022,6200,40.75861111111111,-120.89611111111113
Grey Butte (Portable),CGRB,1999,2003,-9999,-9999.0,-9999.0
Greenville Portable #2,CGRN,-9999,-9999,-9999,-9999.0,-9999.0
Grizzly Flat,CGZF,2003,2010,3740,38.61972222222222,-120.56138888888889
Happy Camp Micro,CHAP,1995,1995,1465,41.79333333333333,-123.37666666666668
Hatcreek Micro #1,CHAT,1995,1995,-9999,-9999.0,-9999.0
Hawkeye,CHAW,1993,2022,2000,38.781666666666666,-122.91694444444444
Hayfork,CHAY,1997,2022,2323,40.55,-123.165
Humbolt Bay,CHBB,2007,2014,10,40.76694444444444,-124.21944444444443
Humbug Summit,CHBG,2012,2022,6688,40.10861111111111,-121.38333333333333
Hidden Valley,CHDV,2011,2022,4452,40.44194444444444,-120.62694444444443
Hell Hole,CHEL,1989,2022,5240,39.07166666666667,-120.42166666666668
High Glade Lookout,CHGL,1997,2022,4840,39.208333333333336,-122.80833333333334
Hopland,CHLD,2001,2022,2682,39.03083333333333,-123.08055555555556
Horse Lake,CHOL,1991,2022,5100,40.63055555555555,-120.50277777777778
Homewood,CHOM,2010,2022,7121,39.08361111111111,-120.17111111111112
Hoopa,CHOO,1997,2022,375,41.047777777777775,-123.6713888888889
Hat Mountain,CHTM,1995,1999,8000,40.501666666666665,-121.4225
Indian Well,CIND,1997,2022,4770,41.74166666666667,-121.53833333333333
Jarbo Gap,CJAR,2003,2022,2490,39.73583333333333,-121.4888888888889
Jordan Creek,CJOR,1995,2002,4400,39.78333333333333,-121.36666666666666
Juanita Lake,CJUA,1988,2022,5400,41.78611111111111,-122.00555555555556
Juniper Creek,CJUN,1988,2022,4372,41.33222222222223,-120.4725
Klamath Basin NWR,CKLB,2006,2008,4040,41.943888888888885,-121.56472222222222
Klamath,CKLM,2021,2022,-9999,-9999.0,-9999.0
Kneeland,CKNE,2004,2022,2737,40.72,-123.92694444444444
Knoxville Creek,CKNO,1985,2022,2200,38.86194444444445,-122.41722222222222
Konocti,CKON,1995,2022,2163,38.91194444444445,-122.7063888888889
Sugarloaf (ENF),CKYB,2004,2022,5653,38.78388888888889,-120.31083333333332
Lassen Lodge,CLAS,1990,2022,4159,40.344166666666666,-121.71361111111112
Laufman,CLAU,1998,2022,5800,40.141666666666666,-120.35333333333332
Laytonville,CLAY,2001,2022,1820,39.70222222222223,-123.485
Ladder Butte,CLDR,1988,2022,5750,40.80722222222222,-121.29666666666668
Lincoln,CLIN,1991,2022,200,38.8825,-121.26833333333332
Lower Klamath,CLKL,2002,2022,4098,41.99916666666667,-121.7002777777778
LN2 -Portable,CLN2,-9999,-9999,-9999,-9999.0,-9999.0
LN3 - Portable,CLN3,-9999,-9999,-9999,-9999.0,-9999.0
LNF4 - Portable,CLN4,1995,1995,-9999,-9999.0,-9999.0
LN5 - Portable,CLN5,-9999,-9999,-9999,-9999.0,-9999.0
LNF6 - Portable,CLN6,2010,2010,-9999,-9999.0,-9999.0
Lowden,CLOW,1999,2004,3120,40.68944444444444,-122.83138888888888
Lyons Valley,CLYO,1988,2022,3200,39.12583333333333,-123.0736111111111
Mad River,CMAD,1999,2022,2775,40.46333333333334,-123.52388888888888
Manzanita Lake,CMAN,1990,2022,5660,40.54,-121.58027777777778
Maple Creek,CMAP,1995,2006,1680,40.796388888888885,-123.93666666666668
McGuires,CMCG,1990,2022,593,39.35277777777778,-123.60111111111112
Mendocino Pass,CMEN,2000,2022,5420,39.8075,-122.945
Meyers,CMEY,1998,2013,6310,38.848888888888894,-120.01805555555556
Milford Micro,CMLF,1995,1996,5800,40.13333333333333,-120.35
Mule Mountain,CMLM,2007,2022,2044,40.56916666666667,-122.50305555555556
Modoc NWR,CMOD,2002,2015,4380,41.45888888888889,-120.3536111111111
Mohawk,CMOH,2013,2022,5122,39.77944444444445,-120.59472222222222
Markleeville,CMRK,1998,2022,5501,38.68333333333333,-119.76666666666668
Mt. Shasta,CMS2,1999,2022,3500,41.20055555555556,-122.195
Mt. Shasta,CMTS,-9999,-9999,3500,41.20055555555556,-122.195
Mount Zion,CMTZ,1990,2022,2960,38.38944444444444,-120.65111111111112
Novato Fire - Robinhood,CNVF,2016,2022,-9999,-9999.0,-9999.0
Oak Bottom,COAB,2001,2010,1326,40.65055555555556,-122.60555555555555
Oak Knoll,COAK,1988,2022,1940,41.83861111111111,-122.85
Oak Mountain,COAM,1991,2022,1700,41.006388888888885,-121.98333333333332
Oak Ridge,COAR,2016,2022,-9999,-9999.0,-9999.0
Oak Knoll - Portable,COKP,1995,1995,-9999,-9999.0,-9999.0
Openshaw,COPS,2014,2022,268,39.58972222222222,-121.6352777777778
Owens Camp Loc,COWE,1989,2022,5240,38.73333333333333,-120.245
Patty Mocus,CPAT,1990,2021,3500,40.295,-122.86666666666666
Pierce,CPIE,1986,2022,5700,40.24611111111111,-120.64222222222224
Pike County Lookout,CPIK,1985,2022,3714,39.475,-121.2025
Pilot Hill,CPIL,1993,2022,1200,38.8325,-121.00861111111112
Pinecrest 2,CPNC,2011,2022,5700,38.18611111111111,-120.01055555555556
Panther Springs,CPNT,2012,2022,4535,40.24194444444444,-121.77583333333334
Quartz Hill,CQUA,1990,2022,4225,41.59916666666667,-122.93361111111112
Quincy Rd,CQUI,1988,2022,3500,39.973333333333336,-120.94194444444445
Quincy - Portable,CQUP,1995,1995,-9999,-9999.0,-9999.0
Ravendale,CRAV,1999,2022,5298,40.73083333333334,-120.31638888888888
Reader Ranch,CRDR,2002,2022,1968,39.30361111111111,-121.1172222222222
Redding Airport,CREA,2001,2022,500,40.51583333333333,-122.29055555555556
Rice Canyon,CRIA,2012,2022,6950,39.525,-120.3286111111111
Redding Airport Prtble,CRPT,2000,2001,-9999,-9999.0,-9999.0
Rattle Brush,CRTB,1995,1996,4200,40.891666666666666,-122.55166666666666
Rush Creek,CRUS,1997,2022,4800,41.29444444444445,-120.86388888888888
Ruth,CRUT,2003,2022,2732,40.25055555555556,-123.31583333333332
Sacramento NWR,CSAC,2001,2022,120,39.41722222222222,-122.1825
Sawyers Bar,CSAW,1988,2022,2192,41.30027777777777,-123.1322222222222
Scorpion,CSCN,1990,2022,4400,41.111666666666665,-122.69666666666669
Soda Creek,CSDC,1992,2022,1773,39.425,-122.97722222222222
Saddleback,CSDD,2001,2022,6670,39.6375,-120.86527777777778
Secret Town,CSEC,1992,2022,2826,39.18361111111111,-120.88472222222222
Seed Orchard,CSEE,1986,1991,4100,39.083333333333336,-120.73333333333332
Sugarloaf (5-C),CSG5,2004,2004,-9999,-9999.0,-9999.0
School House,CSHH,2001,2022,2640,41.138333333333335,-123.90555555555557
Ship Mtn.,CSHI,2001,2022,5300,41.73583333333333,-123.79166666666669
Ship Mtn. 1,CSHP,-9999,-9999,-9999,-9999.0,-9999.0
Sims,CSIM,1989,2022,2400,41.075,-122.37333333333332
Slater Butte,CSLA,1988,2022,4670,41.85861111111111,-123.3525
Slate Creek,CSLC,2012,2022,4170,41.34111111111111,-123.6588888888889
Canon BAER (Shingle),CSMF,2002,2005,-9999,-9999.0,-9999.0
Smith River,CSMR,2021,2022,-9999,-9999.0,-9999.0
Soldier Mountain,CSOL,1990,2022,3710,40.92583333333333,-121.58555555555554
Somes Bar,CSOM,1988,2022,920,41.39,-123.49583333333334
Surprise Portable,CSP1,2001,2006,-9999,-9999.0,-9999.0
Surprise Portable (2),CSP2,2003,2005,-9999,-9999.0,-9999.0
Surprise Valley,CSP3,2006,2022,4549,41.62027777777778,-120.15666666666668
Sacramento NWR QD,CSQD,2004,2022,95,39.44611111111111,-122.18388888888887
Scott Rvr - Portable,CSRP,1995,1995,-9999,-9999.0,-9999.0
Santa Rosa,CSRS,1991,2022,576,38.47861111111112,-122.71194444444444
Stampede,CSTA,1991,2022,6867,39.48333333333333,-120.075
Steely Fork,CSTF,2010,2022,4006,38.62611111111112,-120.52777777777776
Stonyford,CSTO,1994,2022,1200,39.36694444444444,-122.575
Cottage,CSTS,2007,2022,6058,38.34611111111112,-120.22916666666669
Sugarloaf (SHF),CSUF,1999,2022,4200,40.91666666666666,-122.43833333333332
Summit Camp,CSUM,1989,1991,3600,38.49,-120.28833333333333
Swain Mountain,CSWA,2013,2022,6099,40.445277777777775,-121.10416666666666
Tahoe Donner,CTDN,2016,2022,-9999,-9999.0,-9999.0
Thomes Creek,CTHO,1990,2022,1040,39.864444444444445,-122.60972222222222
Timber Mountain,CTIM,2002,2022,4960,41.629444444444445,-121.29805555555556
Trench 1,CTRE,1998,2002,6800,38.16138888888889,-118.91111111111113
Trinity Camp,CTRI,1996,2022,3308,40.78638888888889,-122.80444444444444
Truckee Airport,CTRU,1987,1990,5890,39.31666666666667,-120.13333333333334
Underwood,CUND,2002,2022,2600,40.721944444444446,-123.49527777777776
Van Bremmer,CVAN,1993,2022,4928,41.64305555555556,-121.79388888888889
Walker,CWAK,2001,2022,5440,38.56527777777777,-119.45916666666668
Weaverville,CWEA,1998,2005,2100,40.735,-122.94333333333334
Weed Airport,CWEE,1990,2022,2930,41.47888888888889,-122.4538888888889
Westwood,CWES,1990,2022,5800,40.306666666666665,-120.9
White Cloud,CWHC,1993,2022,4320,39.31666666666667,-120.8375
White Horse,CWHI,1995,1996,3400,39.516666666666666,-121.58333333333331
Whiskeytown HQ#2,CWHS,2010,2022,1360,40.61055555555556,-122.52722222222222
Whitmore,CWHT,1990,2022,2417,40.61944444444445,-121.89944444444446
Warner Mt - Portable,CWMT,1995,1995,-9999,-9999.0,-9999.0
Westside,CWSS,2004,2022,1291,41.223333333333336,-124.0525
Yolla Bolla,CYOL,1990,2022,6757,40.33833333333334,-123.065
Yurok,CYUR,2002,2022,495,41.28972222222222,-123.8575
Lake County,CLCR,2013,2021,1390,39.032222222222224,-122.92222222222225
Alder Springs,CALD,1994,2022,4300,39.65138888888889,-122.72361111111113
Los Altos,CALT,1998,2022,645,37.35805555555556,-122.14722222222224
Atlas Peak,CATL,2005,2022,1934,38.47472222222223,-122.26472222222222
Bald Mtn Loc,CBAL,1989,2022,4680,38.90555555555555,-120.69722222222222
Barnaby,CBAR,1997,2022,1240,38.028055555555554,-122.70222222222222
Batterson,CBAT,1999,2022,3160,37.23194444444445,-119.50833333333334
Benton,CBEN,1994,2022,5450,37.84305555555556,-118.47777777777776
Bangor,CBGR,1990,2022,803,39.3975,-121.38611111111112
Big Rock,CBIR,2003,2022,1500,38.03944444444444,-122.57
Black Diamond,CBKD,1994,2022,1600,37.95,-121.88444444444444
Ben Bolt,CBLT,1990,2022,905,38.590833333333336,-120.93361111111112
Blue Mountain Lookout,CBML,2016,2022,-9999,-9999.0,-9999.0
Bald Mountain PAL,CBMP,2008,2009,5670,38.13861111111111,-120.09194444444444
Ben Lomond,CBNL,1998,2022,2630,37.13166666666667,-122.17
Banner Road,CBNR,2014,2022,2803,38.28444444444444,-120.48972222222224
Boonville,CBOO,1990,2022,644,38.9875,-123.34861111111113
Bridgeport 4NW,CBR4,2002,2022,6650,38.27194444444444,-119.28916666666666
Bridgeport,CBRD,2002,2006,6480,38.27194444444444,-119.28916666666666
Briones,CBRI,1994,2022,1450,37.94416666666666,-122.11777777777776
Baron,CBRN,2011,2022,6248,38.85416666666667,-120.02416666666666
Brooks,CBRO,1990,2022,354,38.73833333333334,-122.14472222222224
Buck Meadows,CBUC,1999,2012,3200,37.82333333333334,-120.0975
Beaver Camp Loc,CBVR,1992,2022,5000,38.48833333333334,-120.325
Catheys Valley,CCAT,1999,2022,1200,37.46805555555556,-120.11055555555556
Coast Dairies,CCDA,2021,2022,-9999,-9999.0,-9999.0
Cordoza Ridge,CCDZ,2011,2022,2331,37.16833333333333,-121.52833333333334
CFA Raws,CCFA,2012,2022,660,38.38,-120.9302777777778
Chalks,CCHA,1992,1998,1585,37.16083333333333,-122.3
Chico,CCHC,1990,2014,230,39.71194444444445,-121.77888888888889
Challenge,CCHL,-9999,-9999,2557,39.48333333333333,-121.225
Clover,CCLO,1997,2001,5760,39.86944444444445,-120.38194444444444
Calaveras Road,CCLV,1997,2022,1230,37.55305555555555,-121.84388888888888
Camanche,CCMN,2002,2004,368,38.23111111111111,-121.0111111111111
County Line,CCOU,1994,2022,2085,39.01888888888889,-122.41194444444444
Cow Mountain,CCOW,1995,1995,2180,39.187777777777775,-123.11944444444444
Crane Flat Lookout,CCRA,1991,2022,6644,37.76166666666666,-119.82472222222222
Crestview,CCRE,1993,2022,7600,37.745,-118.98333333333332
Campo Seco,CCSC,2004,2022,399,38.22361111111111,-120.86638888888888
Cow Mountain (A),CCWM,1985,1988,-9999,-9999.0,-9999.0
Double Dome (Class III-9C),CDBD,2009,2010,-9999,-9999.0,-9999.0
Dexter,CDEX,2009,2022,7982,37.83888888888889,-118.77166666666666
Diablo Grande,CDIA,1998,2022,1850,37.32916666666667,-121.29388888888889
D L Bliss S P,CDLB,2006,2009,6942,38.967777777777776,-120.1
Dinkey,CDNK,2000,2022,5668,37.06638888888889,-119.03944444444444
Dog Valley,CDOG,2001,2022,5976,39.56194444444444,-120.04777777777778
Dorris Ranch,CDOR,1990,2002,2025,39.30361111111111,-121.1172222222222
Devils Post Pile,CDPP,1993,2004,7560,37.63,-119.09333333333332
Duncan,CDUN,2001,2022,7100,39.14388888888889,-120.50888888888888
Eel River,CEEL,1992,2022,1500,39.833333333333336,-123.08333333333331
Mount Elizabeth,CELI,1999,2022,4933,38.06305555555555,-120.24694444444444
El Portal,CELP,2004,2022,2050,37.67555555555556,-119.78611111111113
Esperanza,CESP,1990,2014,2559,38.24277777777778,-120.515
Foresthill,CFOR,2000,2022,4355,39.09138888888889,-120.73166666666668
Fish Slough,CFSL,1999,2005,4500,37.47833333333333,-118.40777777777778
Golden Gate NRA #1,CGG1,1995,1999,-9999,-9999.0,-9999.0
Goat Mtn. Lookout (P),CGML,1999,1999,-9999,-9999.0,-9999.0
Green Spring,CGSP,1990,2022,1020,37.83305555555556,-120.5
Grizzly Flat,CGZF,2003,2010,3740,38.61972222222222,-120.56138888888889
Hawkeye,CHAW,1993,2022,2000,38.781666666666666,-122.91694444444444
Hell Hole,CHEL,1989,2022,5240,39.07166666666667,-120.42166666666668
High Glade Lookout,CHGL,1997,2022,4840,39.208333333333336,-122.80833333333334
High Sierra,CHIG,2001,2022,7403,37.31472222222222,-119.03833333333333
Hopland,CHLD,2001,2022,2682,39.03083333333333,-123.08055555555556
Homewood,CHOM,2010,2022,7121,39.08361111111111,-120.17111111111112
Hurley,CHUR,1995,2022,1201,37.015277777777776,-119.56777777777778
Jarbo Gap,CJAR,2003,2022,2490,39.73583333333333,-121.4888888888889
Jerseydale,CJER,2002,2022,3900,37.54361111111111,-119.8386111111111
Jordan Creek,CJOR,1995,2002,4400,39.78333333333333,-121.36666666666666
Knoxville Creek,CKNO,1985,2022,2200,38.86194444444445,-122.41722222222222
Konocti,CKON,1995,2022,2163,38.91194444444445,-122.7063888888889
Sugarloaf (ENF),CKYB,2004,2022,5653,38.78388888888889,-120.31083333333332
Los Banos,CLAB,1990,2022,350,37.05472222222222,-121.05305555555556
La Honda,CLAH,1990,2022,872,37.305277777777775,-122.255
Laytonville,CLAY,2001,2022,1820,39.70222222222223,-123.485
Lundylk,CLDK,2007,2022,7055,38.03805555555555,-119.17
Livermore F.D.,CLFD,2011,2016,314,37.6925,-121.9225
Los Gatos,CLGA,1997,2022,2000,37.20277777777778,-121.94277777777778
Lincoln,CLIN,1991,2022,200,38.8825,-121.26833333333332
Los Vaqueros,CLVQ,2004,2022,-9999,-9999.0,-9999.0
Livermore,CLVR,1990,2007,800,37.71194444444445,-121.81361111111111
Lyons Valley,CLYO,1988,2022,3200,39.12583333333333,-123.0736111111111
Mariposa Grove,CMAR,1988,2012,6400,37.51277777777778,-119.60472222222222
McGuires,CMCG,1990,2022,593,39.35277777777778,-123.60111111111112
Mendocino Pass,CMEN,2000,2022,5420,39.8075,-122.945
Merced River,CMER,1991,1997,2600,37.65277777777778,-120.08833333333332
Metcalf Gap,CMET,1990,2022,3077,37.409444444444446,-119.76805555555556
Meyers,CMEY,1998,2013,6310,38.848888888888894,-120.01805555555556
Miami,CMIA,2004,2022,4334,37.41916666666666,-119.74527777777776
Mallory Ridge,CMLR,1998,2022,2040,37.81722222222223,-121.77888888888889
Minarets,CMNR,2004,2022,5340,37.407222222222224,-119.34555555555556
Mohawk,CMOH,2013,2022,5122,39.77944444444445,-120.59472222222222
Mono Lake - Portable,CMON,1995,1995,-9999,-9999.0,-9999.0
Mountain Rest,CMOU,1999,2022,4100,37.05444444444444,-119.3711111111111
Middle Peak,CMPK,2004,2022,2490,37.93083333333333,-122.59083333333332
Markleeville,CMRK,1998,2022,5501,38.68333333333333,-119.76666666666668
Mariposa,CMSA,1990,2022,2231,37.50416666666667,-119.98694444444445
Mt. Diablo,CMTD,2000,2013,3849,37.88166666666667,-121.91416666666667
Mount Zion,CMTZ,1990,2022,2960,38.38944444444444,-120.65111111111112
North Fork Portable,CNFK,-9999,-9999,-9999,-9999.0,-9999.0
North Fork,CNFO,1998,2022,2720,37.23305555555556,-119.50472222222224
Novato Fire - Robinhood,CNVF,2016,2022,-9999,-9999.0,-9999.0
Oak Ridge,COAR,2016,2022,-9999,-9999.0,-9999.0
Oakland North,COKN,1992,2022,1403,37.865,-122.22083333333332
Oakland South,COKS,1992,2022,1095,37.78611111111111,-122.14472222222224
Olema Valley,COLV,2004,2022,37,38.0425,-122.79583333333332
Openshaw,COPS,2014,2022,268,39.58972222222222,-121.6352777777778
Orestimba,CORE,2021,2022,-9999,-9999.0,-9999.0
Owens Camp Loc,COWE,1989,2022,5240,38.73333333333333,-120.245
Owens Valley,COWV,1992,2022,4640,37.39,-118.55055555555556
Pike County Lookout,CPIK,1985,2022,3714,39.475,-121.2025
Pilot Hill,CPIL,1993,2022,1200,38.8325,-121.00861111111112
Pinecrest 2,CPNC,2011,2022,5700,38.18611111111111,-120.01055555555556
Poverty,CPOV,1998,2022,2066,37.44305555555555,-121.77055555555556
Pulgas,CPUL,1997,2022,644,37.475,-122.29805555555556
Reader Ranch,CRDR,2002,2022,1968,39.30361111111111,-121.1172222222222
Rice Canyon,CRIA,2012,2022,6950,39.525,-120.3286111111111
Russian Ridge (CDF#3),CRR3,2007,2007,2256,37.32916666666667,-122.21416666666669
Rose Peak,CRSP,1995,2022,3060,37.50194444444445,-121.73555555555556
Sacramento NWR,CSAC,2001,2022,120,39.41722222222222,-122.1825
Soda Creek,CSDC,1992,2022,1773,39.425,-122.97722222222222
Saddleback,CSDD,2001,2022,6670,39.6375,-120.86527777777778
Secret Town,CSEC,1992,2022,2826,39.18361111111111,-120.88472222222222
Seed Orchard,CSEE,1986,1991,4100,39.083333333333336,-120.73333333333332
Sugarloaf (5-C),CSG5,2004,2004,-9999,-9999.0,-9999.0
Shaver,CSHA,1995,2022,5746,37.135,-119.25611111111112
San Jose,CSJO,2008,2022,675,37.39833333333333,-121.80694444444444
San Luis Obispo,CSLO,2019,2022,-9999,-9999.0,-9999.0
Canon BAER (Shingle),CSMF,2002,2005,-9999,-9999.0,-9999.0
San Luis NWR,CSNL,2002,2022,65,37.18222222222222,-120.79388888888889
Smith Peak,CSPK,2012,2022,3870,37.80055555555556,-120.10083333333333
Sacramento NWR QD,CSQD,2004,2022,95,39.44611111111111,-122.18388888888887
Santa Rosa,CSRS,1991,2022,576,38.47861111111112,-122.71194444444444
San Simeon,CSSM,2015,2022,-9999,-9999.0,-9999.0
STF02 Portable,CST2,2003,2010,-9999,-9999.0,-9999.0
Stampede,CSTA,1991,2022,6867,39.48333333333333,-120.075
Steely Fork,CSTF,2010,2022,4006,38.62611111111112,-120.52777777777776
Stonyford,CSTO,1994,2022,1200,39.36694444444444,-122.575
Cottage,CSTS,2007,2022,6058,38.34611111111112,-120.22916666666669
Summit Camp,CSUM,1989,1991,3600,38.49,-120.28833333333333
Spring Valley,CSVA,1998,2022,1075,37.5625,-122.4363888888889
Sweetwater,CSWE,1994,1998,2150,37.39666666666667,-121.485
Tahoe Donner,CTDN,2016,2022,-9999,-9999.0,-9999.0
Thomes Creek,CTHO,1990,2022,1040,39.864444444444445,-122.60972222222222
Las Trampas,CTRA,1994,2022,-9999,-9999.0,-9999.0
Trench 1,CTRE,1998,2002,6800,38.16138888888889,-118.91111111111113
Truckee Airport,CTRU,1987,1990,5890,39.31666666666667,-120.13333333333334
Gaylor Meadow,CTUO,1988,2011,9270,37.86833333333333,-119.31833333333331
Walker,CWAK,2001,2022,5440,38.56527777777777,-119.45916666666668
Wawona,CWAW,2004,2022,4052,37.54,-119.65166666666669
White Cloud,CWHC,1993,2022,4320,39.31666666666667,-120.8375
White Horse,CWHI,1995,1996,3400,39.516666666666666,-121.58333333333331
Woodacre,CWOO,2003,2022,1400,37.99055555555556,-122.64472222222224
White Wolf,CWWO,1988,2022,8025,37.85111111111111,-119.65
Arroyo Grande,CAGD,1997,2019,1048,35.17916666666667,-120.39194444444443
Alcalde,CALC,2017,2022,-9999,-9999.0,-9999.0
Arroyo Seco (Mt. Diablo),CARR,1996,2022,-9999,-9999.0,-9999.0
Ash Mountain,CASM,2004,2022,1730,36.49138888888889,-118.82527777777776
Altamont,CATT,2005,2022,1436,37.69305555555555,-121.60944444444443
Bradley,CBDY,2002,2022,537,35.864444444444445,-120.80305555555556
Bear Peak,CBEA,1991,2022,8228,35.884166666666665,-118.05166666666666
Bear Valley,CBEY,2002,2009,4000,35.13972222222222,-118.625
Blue Max,CBMX,2005,2022,5350,35.709722222222226,-117.97194444444445
Branch Mountain,CBRA,1996,2022,3770,35.18888888888888,-120.08333333333331
Breckenridge,CBRE,2004,2022,7501,35.45055555555556,-118.58388888888888
Blackrock,CBRK,1999,2022,8200,36.09305555555556,-118.26027777777776
Bird Springs Pass,CBSP,2011,2022,7466,35.53583333333333,-118.14027777777778
Big Sur,CBSR,2001,2022,450,36.23555555555556,-121.785
Cahoon,CCAH,1990,1997,2240,36.346944444444446,-121.51083333333334
Cedar Grove,CCDG,1999,2022,4720,36.78777777777778,-118.65611111111112
Case Mountain,CCMO,2002,2022,6450,36.41083333333333,-118.80916666666668
Corralitos,CCOR,1990,2022,450,36.99111111111111,-121.79777777777778
Delonagha,CDEL,1997,2002,3120,35.57,-118.61666666666666
Democrat,CDMC,2002,2022,2356,35.531666666666666,-118.63027777777778
Eureka Valley,CEUR,2013,2022,2975,37.17638888888889,-117.78861111111112
Fancher Creek,CFAN,1990,2022,920,36.88388888888889,-119.46583333333334
Fence Meadow,CFEN,1999,2022,5048,36.96138888888889,-119.175
Fort Hunter Liggett,CFHL,2001,2022,1100,36.01166666666666,-121.24166666666667
Five Mile,CFIV,1998,2022,4150,35.87166666666667,-117.91833333333334
Fort Ord #1,CFO1,2001,2012,-9999,-9999.0,-9999.0
Fort Ord #2,CFO2,2001,2012,-9999,-9999.0,-9999.0
Fountain Springs,CFOU,1990,2022,210,35.89222222222222,-118.915
Fort Ord (Portable),CFTO,2001,2005,-9999,-9999.0,-9999.0
Golden Gate NRA #2,CGG2,1994,1998,-9999,-9999.0,-9999.0
Golden Gate NRA #3,CGG3,1995,1999,-9999,-9999.0,-9999.0
Hastings,CHAS,1997,2022,1885,36.38861111111111,-121.55166666666666
Hernandez,CHER,1990,2022,3733,36.3825,-120.85583333333332
Hollister,CHLR,2002,2022,404,36.84222222222223,-121.3622222222222
Hunter Mountain,CHNM,1989,2022,6880,36.5625,-117.47361111111113
Hart Flat,CHTF,2005,2022,2685,35.25111111111111,-118.60027777777778
Indian Wells Canyon,CINW,1996,2022,4000,35.684999999999995,-117.88944444444444
Jawbone,CJAW,1991,2022,4300,35.29472222222222,-118.22638888888888
Johnsondale,CJOH,1998,2022,4700,35.97166666666667,-118.545
Kernville,CKER,1999,2006,2720,35.755,-118.41666666666669
Kettleman Hills,CKET,1988,2022,810,36.03333333333333,-120.05694444444444
River Kern,CKV1,2004,2022,3010,35.7775,-118.4327777777778
La Panza,CLAP,1990,2022,1630,35.38111111111111,-120.1875
Laural Mountain,CLAR,1996,2022,4390,35.47833333333333,-117.69888888888887
Lake County,CLCR,2013,2021,1390,39.032222222222224,-122.92222222222225
Las Tablas,CLST,1990,2022,994,35.656388888888884,-120.92416666666666
Los Vaqueros,CLVA,2003,2007,-9999,-9999.0,-9999.0
Lynch Canyon,CLYC,2007,2022,3141,35.611666666666665,-118.405
Milo,CMIO,2001,2022,1923,36.231388888888894,-118.86888888888888
Milk Ranch,CMLK,1997,1999,6225,36.486666666666665,-118.78
Marquez,CMRQ,2011,2022,2571,36.359722222222224,-120.77305555555556
Mtn Home,CMTH,2018,2022,-9999,-9999.0,-9999.0
Oak Creek,COCR,1994,2022,4900,36.84361111111112,-118.26555555555557
Oak Opening,COKO,1996,2022,3240,36.17527777777777,-118.70166666666668
Opal Mountain,COPA,1991,2022,3240,35.15416666666667,-117.17555555555556
Panamint,CPAN,1988,2015,6880,36.12027777777778,-117.08777777777776
Parkfield,CPAR,1990,2022,1535,35.89888888888889,-120.43194444444444
Peppermint,CPEP,2004,2022,7385,36.07333333333334,-118.54138888888887
Pinehurst,CPIH,2001,2022,4060,36.68527777777778,-119.0
Piutes,CPIU,2004,2022,6200,35.431666666666665,-118.32972222222222
Park Ridge,CPKR,1997,2022,7540,36.72416666666667,-118.9425
Pinnacles,CPNN,2001,2022,1322,36.47083333333334,-121.14722222222224
Panoche Road,CPRD,1990,2022,2032,36.72694444444445,-120.76583333333332
Rattlesnake,CRTL,1992,2022,8600,36.40694444444444,-118.42166666666668
Shadequarter,CSHQ,1990,2022,4069,36.56722222222223,-118.95555555555556
Santa Rita,CSNR,1991,2022,5000,36.34777777777778,-120.59777777777778
Red Mountain,CSQS,1991,2022,-9999,-9999.0,-9999.0
Saratoga Spring,CSRT,2013,2022,198,35.68055555555555,-116.42222222222225
Sugarloaf,CSUG,1992,2022,8120,36.72666666666667,-118.675
Mount Tom,CTOM,1999,2022,9018,37.37611111111112,-119.17833333333334
Trimmer,CTRM,1999,2022,1540,36.91111111111111,-119.305
Twisselman,CTWI,2005,2022,3232,35.362500000000004,-119.82333333333332
Walker Pass,CWAL,1991,2022,5572,35.664722222222224,-118.05694444444444
Woody,CWDY,2010,2022,1591,35.70611111111111,-118.8325
Wofford Heights,CWOF,1997,2022,3150,35.72166666666667,-118.49888888888889
Wolverton,CWOL,1996,2022,5240,36.44499999999999,-118.70333333333332
Walker Passe,CWPS,2005,2022,5217,35.6625,-118.02555555555556
San Luis Obispo,CSLO,2019,2022,-9999,-9999.0,-9999.0
San Simeon,CSSM,2015,2022,-9999,-9999.0,-9999.0
Acton,CACT,1995,2022,2600,34.44583333333333,-118.2
Arroyo Grande,CAGD,1997,2019,1048,35.17916666666667,-120.39194444444443
Angelus Hill,CAHL,2008,2010,4028,33.808055555555555,-116.855
Alcalde,CALC,2017,2022,-9999,-9999.0,-9999.0
Aliso Laguna,CALG,2016,2022,-9999,-9999.0,-9999.0
Alpine,CALP,2001,2022,2041,32.83361111111111,-116.73916666666666
Ammo Dump,CAMM,2001,2013,1068,33.38138888888889,-117.28555555555556
Anacapa Island,CANA,2004,2022,277,34.01583333333333,-119.35972222222222
Anza,CANZ,1995,2022,3920,33.555,-116.67305555555556
Apple Valley,CAPP,2004,2022,3162,34.5925,-117.16833333333334
Arroyo Seco (Mt. Diablo),CARR,1996,2022,-9999,-9999.0,-9999.0
Ash Mountain,CASM,2004,2022,1730,36.49138888888889,-118.82527777777776
Banner Queen,CBAN,1998,2001,3700,33.035,-116.53083333333332
Bell Canyon,CBCN,1993,2022,700,33.541666666666664,-117.59166666666668
Bernadette,CBDT,2008,2010,4406,33.64305555555556,-116.7786111111111
Bradley,CBDY,2002,2022,537,35.864444444444445,-120.80305555555556
Bear Peak,CBEA,1991,2022,8228,35.884166666666665,-118.05166666666666
Beaumont,CBEU,2003,2022,2604,33.93055555555555,-116.95
Beverly Hills,CBEV,1997,2022,1260,34.125,-118.41222222222224
Bear Valley,CBEY,2002,2009,4000,35.13972222222222,-118.625
Big Pines,CBIP,2002,2022,6917,34.37888888888889,-117.69194444444445
Boulevard,CBLV,2005,2016,3267,32.66222222222222,-116.27166666666666
Blue Max,CBMX,2005,2022,5350,35.709722222222226,-117.97194444444445
Banning,CBNN,2017,2022,-9999,-9999.0,-9999.0
Boron,CBOR,1991,1996,2893,35.07666666666667,-117.585
Big Pine Flat,CBPI,2001,2022,6861,34.31944444444445,-117.01305555555555
Branch Mountain,CBRA,1996,2022,3770,35.18888888888888,-120.08333333333331
Breckenridge,CBRE,2004,2022,7501,35.45055555555556,-118.58388888888888
Blackrock,CBRK,1999,2022,8200,36.09305555555556,-118.26027777777776
Burro Canyon (BAER),CBRR,2003,2006,-9999,-9999.0,-9999.0
Bouquet Reservoir,CBRS,2002,2003,-9999,-9999.0,-9999.0
Barrett,CBRT,2009,2022,2395,32.6675,-116.69944444444444
Bird Springs Pass,CBSP,2011,2022,7466,35.53583333333333,-118.14027777777778
Big Sur,CBSR,2001,2022,450,36.23555555555556,-121.785
Burns Canyon,CBUR,1991,2022,6000,34.21027777777778,-116.63388888888888
Buttercup,CBUU,2000,2022,217,32.73972222222222,-114.88388888888888
Cahuilla,CCAA,2000,2022,278,32.97361111111111,-115.17361111111111
Cabazon,CCAB,2010,2022,-9999,-9999.0,-9999.0
Camp Elliot,CCAE,2004,2022,539,32.85916666666667,-117.10555555555555
Cahoon,CCAH,1990,1997,2240,36.346944444444446,-121.51083333333334
Cameron Fire Station,CCAM,1994,2022,-9999,-9999.0,-9999.0
Carrizo,CCAR,1991,2022,2490,35.09638888888889,-119.77277777777778
Case Springs,CCAS,1992,2022,2320,33.44499999999999,-117.41805555555555
Cedar Grove,CCDG,1999,2022,4720,36.78777777777778,-118.65611111111112
Catalina - Dakin Peak,CCDP,2016,2022,-9999,-9999.0,-9999.0
Cheeseboro,CCHB,1995,2022,1650,34.18472222222222,-118.71722222222222
Chino Hills,CCHH,2020,2022,-9999,-9999.0,-9999.0
Chilao,CCHI,1986,2022,5450,34.33166666666667,-118.03027777777778
Chuchupate,CCHU,1999,2022,4900,34.80833333333333,-119.0125
Claremont,CCLA,1998,2022,1645,34.136944444444445,-117.70694444444445
Clear Creek,CCLE,2002,2022,3000,34.27111111111111,-118.1525
Clark,CCLK,2000,2022,1720,33.876666666666665,-117.30888888888887
Case Mountain,CCMO,2002,2022,6450,36.41083333333333,-118.80916666666668
Corona #2,CCO2,2010,2022,1968,33.81888888888889,-117.5736111111111
Corona,CCOA,2001,2011,640,33.87444444444444,-117.54916666666666
Converse,CCON,1997,2022,5618,34.19416666666666,-116.91305555555556
Corralitos,CCOR,1990,2022,450,36.99111111111111,-121.79777777777778
Covington,CCOV,2001,2004,4646,34.05333333333333,-116.33416666666666
Camp 9,CCP9,1995,2022,4000,34.361666666666665,-118.42166666666668
Carpinteria,CCRP,2019,2022,-9999,-9999.0,-9999.0
Cranston,CCRT,2002,2022,-9999,-9999.0,-9999.0
Crystal Lake (BAER),CCRY,2003,2005,5448,34.31805555555556,-117.84166666666668
Casitas,CCS2,2004,2022,-9999,-9999.0,-9999.0
Casitas,CCST,1985,1991,-9999,-9999.0,-9999.0
Cathedral Canyon,CCTH,2005,2022,605,33.76861111111111,-116.48
Cuyama Valley,CCUY,2019,2022,-9999,-9999.0,-9999.0
Delonagha,CDEL,1997,2002,3120,35.57,-118.61666666666666
Descanso,CDES,1997,2022,3480,32.856944444444444,-116.62222222222222
Democrat,CDMC,2002,2022,2356,35.531666666666666,-118.63027777777778
Delnorte,CDNO,1999,2010,800,34.009166666666665,-119.65416666666668
DWP Powerplant #1,CDP1,2000,2004,3000,34.598888888888894,-118.45111111111112
Dos Palmas,CDPA,2010,2022,-9999,-9999.0,-9999.0
Devore 2,CDV2,2017,2022,-9999,-9999.0,-9999.0
Del Valle,CDVA,1998,2022,1278,34.43111111111111,-118.6827777777778
Devore,CDVR,1990,2017,2057,34.221111111111114,-117.40444444444444
Eel Point,CEEP,2002,2022,-9999,-9999.0,-9999.0
El Cariso,CELC,1995,2022,3038,33.64722222222222,-117.41111111111113
El Mirage,CELM,1997,2022,2880,34.63444444444444,-117.55027777777778
CalFire Portable #31,CF31,2016,2017,-9999,-9999.0,-9999.0
Fancher Creek,CFAN,1990,2022,920,36.88388888888889,-119.46583333333334
Fawnskin,CFAW,1995,2022,6900,34.26611111111111,-116.89888888888888
Fence Meadow,CFEN,1999,2022,5048,36.96138888888889,-119.175
Fort Hunter Liggett,CFHL,2001,2022,1100,36.01166666666666,-121.24166666666667
Figueroa,CFIG,2002,2022,3200,34.73305555555556,-120.00666666666666
Fish Creek Mtn,CFIS,1988,2022,760,32.99027777777778,-116.06694444444445
Five Mile,CFIV,1998,2022,4150,35.87166666666667,-117.91833333333334
Fallbrook,CFLB,2018,2022,-9999,-9999.0,-9999.0
Fort Ord #1,CFO1,2001,2012,-9999,-9999.0,-9999.0
Fort Ord #2,CFO2,2001,2012,-9999,-9999.0,-9999.0
Fountain Springs,CFOU,1990,2022,210,35.89222222222222,-118.915
Fremont Canyon,CFRE,1991,2022,1781,33.808055555555555,-117.71111111111112
Fort Ord (Portable),CFTO,2001,2005,-9999,-9999.0,-9999.0
Gaviota,CGAV,2018,2022,-9999,-9999.0,-9999.0
Glen Annie,CGLN,1992,1995,760,34.473333333333336,-119.86944444444444
Goose Valley,CGOO,2000,2022,1530,33.07361111111111,-116.84583333333332
Granite Mountain,CGRA,1991,2005,4720,34.535555555555554,-117.02583333333334
Grapevine Peak,CGRP,2005,2022,4647,34.901666666666664,-118.90333333333334
Grass Mountain,CGRS,2004,2022,4626,34.64083333333333,-118.41416666666667
Hawkins,CHAK,2002,2003,7832,34.311388888888885,-117.80944444444444
Harper,CHAR,-9999,-9999,2750,35.09,-117.44972222222222
Hastings,CHAS,1997,2022,1885,36.38861111111111,-121.55166666666666
Highland Springs California,CHC3,2009,2022,-9999,-9999.0,-9999.0
Henninger Flats,CHEN,2009,2022,2800,34.19499999999999,-118.09333333333332
Hernandez,CHER,1990,2022,3733,36.3825,-120.85583333333332
Hollister,CHLR,2002,2022,404,36.84222222222223,-121.3622222222222
Hunter Mountain,CHNM,1989,2022,6880,36.5625,-117.47361111111113
Hoeppel,CHOE,2012,2022,-9999,-9999.0,-9999.0
Horse Thief Springs,CHOR,1991,2022,5000,35.77055555555555,-115.90916666666668
Heaps Peak,CHPP,2011,2022,6350,34.236111111111114,-117.13916666666668
Horse,CHRE,2002,2003,3555,34.20527777777778,-117.81138888888889
Harmon,CHRM,2020,2022,-9999,-9999.0,-9999.0
Hart Flat,CHTF,2005,2022,2685,35.25111111111111,-118.60027777777778
Indian Mountain,CIMT,2008,2010,5519,33.776666666666664,-116.79583333333332
Indian Wells Canyon,CINW,1996,2022,4000,35.684999999999995,-117.88944444444444
Japatul Fire Station,CJAP,2020,2022,-9999,-9999.0,-9999.0
Jawbone,CJAW,1991,2022,4300,35.29472222222222,-118.22638888888888
Juniper Flat,CJFL,1990,2000,2120,33.778055555555554,-117.085
Johnsondale,CJOH,1998,2022,4700,35.97166666666667,-118.545
Julian,CJUL,1993,2022,4240,33.075833333333335,-116.59083333333332
Keenwild,CKEE,1990,2022,4920,33.666666666666664,-116.76666666666668
Kernville,CKER,1999,2006,2720,35.755,-118.41666666666669
Kettleman Hills,CKET,1988,2022,810,36.03333333333333,-120.05694444444444
Kenworthy,CKNW,2017,2022,-9999,-9999.0,-9999.0
River Kern,CKV1,2004,2022,3010,35.7775,-118.4327777777778
Mt. Laguna,CLAG,1996,2022,5760,32.87972222222222,-116.42027777777778
La Panza,CLAP,1990,2022,1630,35.38111111111111,-120.1875
Laural Mountain,CLAR,1996,2022,4390,35.47833333333333,-117.69888888888887
Leo Carrillo,CLEO,1999,2022,50,34.04555555555555,-118.93583333333332
Las Flores,CLFL,2014,2022,100,33.288888888888884,-117.4388888888889
Lost Horse,CLHO,1991,2022,4200,34.01777777777777,-116.18777777777778
Los Prietos,CLOP,1997,2022,1020,34.53583333333333,-119.78333333333332
Lake Palmdale,CLPA,2004,2022,2980,34.53722222222222,-118.10138888888888
Las Flores,CLSF,1992,2010,100,33.288888888888884,-117.4388888888889
Lake Skinner,CLSK,2022,2022,-9999,-9999.0,-9999.0
Las Tablas,CLST,1990,2022,994,35.656388888888884,-120.92416666666666
Little Tujunga,CLTU,2002,2022,1390,34.29361111111111,-118.36083333333332
Lynch Canyon,CLYC,2007,2022,3141,35.611666666666665,-118.405
Lytle Creek,CLYT,2002,2022,2792,34.23388888888889,-117.4802777777778
Malibu Hills,CMAL,1995,2022,1575,34.05833333333333,-118.63333333333334
Lake Mathews California,CMC3,2005,2022,-9999,-9999.0,-9999.0
Mill Creek (BDF),CMCB,1998,2022,2950,34.08361111111111,-117.0347222222222
Malibu Canyon,CMCN,2004,2022,-9999,-9999.0,-9999.0
Means Lake,CMEA,1995,2022,2900,34.39055555555556,-116.51694444444443
Mid Hills,CMID,1991,2022,5413,35.12305555555555,-115.4113888888889
Mill Creek (ANF),CMIL,1989,2022,5021,34.390277777777776,-118.0825
Milo,CMIO,2001,2022,1923,36.231388888888894,-118.86888888888888
Miramar East,CMIS,2012,2022,900,32.87555555555556,-117.05944444444444
Milk Ranch,CMLK,1997,1999,6225,36.486666666666665,-118.78
Miller Ranch,CMLL,2020,2022,-9999,-9999.0,-9999.0
Montecito #2,CMN2,2011,2022,372,34.44499999999999,-119.6261111111111
Montecito,CMNC,1996,2022,-9999,-9999.0,-9999.0
Mojave River Sink,CMOJ,1988,2011,950,35.05305555555555,-116.07944444444443
Mormon Rock,CMOR,1999,2022,3300,34.3175,-117.50194444444443
Marquez,CMRQ,2011,2022,2571,36.359722222222224,-120.77305555555556
Mountain Springs Grade,CMSG,2014,2022,2044,32.67472222222222,-116.09444444444443
Mt. San Jacinto,CMSJ,2008,2022,8616,33.81527777777777,-116.64194444444443
Mtn Home,CMTH,2018,2022,-9999,-9999.0,-9999.0
Mateo Ridge,CMTR,2014,2022,810,33.41555555555556,-117.52472222222222
Mt. Washington,CMTW,2009,2019,920,34.10416666666667,-118.215
Mission Valley,CMVA,2016,2022,300,32.78,-117.2
Newhall Pass,CNEW,2005,2022,2135,34.33694444444445,-118.52027777777778
San Clemente Isl. Nursery,CNSC,2012,2021,704,32.97888888888889,-118.55277777777778
Oak Creek,COCR,1994,2022,4900,36.84361111111112,-118.26555555555557
Oak Grove #2,COG2,2010,2011,-9999,-9999.0,-9999.0
Ojai,COJA,2000,2013,765,34.44833333333333,-119.2302777777778
Oak Grove,COKG,1995,2022,2752,33.39333333333333,-116.795
Oak Opening,COKO,1996,2022,3240,36.17527777777777,-118.70166666666668
Opal Mountain,COPA,1991,2022,3240,35.15416666666667,-117.17555555555556
Otay Mountain,COTA,2010,2022,3283,32.600833333333334,-116.8411111111111
OX Ranch,COXR,2013,2022,4324,35.202222222222225,-115.19833333333334
Ozena,COZE,2001,2022,3670,34.68194444444444,-119.35388888888887
Palomar,CPAL,2004,2022,5530,33.358333333333334,-116.8672222222222
Panamint,CPAN,1988,2015,6880,36.12027777777778,-117.08777777777776
Parkfield,CPAR,1990,2022,1535,35.89888888888889,-120.43194444444444
Peppermint,CPEP,2004,2022,7385,36.07333333333334,-118.54138888888887
Poppet Flats,CPFL,2008,2022,3823,33.85638888888889,-116.86027777777775
Pine Hills,CPHI,2001,2022,-9999,-9999.0,-9999.0
Picacho Wash,CPIC,1988,1996,840,32.95,-114.73222222222222
Pinehurst,CPIH,2001,2022,4060,36.68527777777778,-119.0
Piru,CPIR,2001,2012,614,34.404444444444444,-118.81
Piutes,CPIU,2004,2022,6200,35.431666666666665,-118.32972222222222
Park Ridge,CPKR,1997,2022,7540,36.72416666666667,-118.9425
Pala,CPLA,2009,2022,455,33.361111111111114,-117.10583333333332
Pinnacles,CPNN,2001,2022,1322,36.47083333333334,-121.14722222222224
Pinyon,CPNY,2006,2021,4060,33.57777777777778,-116.4538888888889
Poppy Park,CPOP,1995,2022,-9999,-9999.0,-9999.0
Potrero,CPOT,1990,2022,2345,32.60583333333334,-116.60888888888888
Panoche Road,CPRD,1990,2022,2032,36.72694444444445,-120.76583333333332
Porter Ranch,CPRT,2020,2022,-9999,-9999.0,-9999.0
Purisima Hills,CPUR,2020,2022,-9999,-9999.0,-9999.0
Rock Camp,CRCC,2003,2022,4900,34.28805555555555,-117.2125
Ranchita,CRCH,1995,2022,4415,33.22222222222222,-116.4975
Refugio,CRFU,2015,2022,1465,34.516666666666666,-120.07527777777776
Ranger Peak,CRGP,2008,2010,5106,33.839444444444446,-116.82027777777778
Rice Valley,CRIC,1988,2022,820,34.06083333333333,-114.73222222222222
Roblar Canyon,CROB,2014,2022,915,33.37222222222222,-117.35972222222222
Rose Valley,CROS,1993,2022,3331,34.543055555555554,-119.18416666666668
Rattlesnake,CRTL,1992,2022,8600,36.40694444444444,-118.42166666666668
Saddleback Butte,CSAD,1998,2022,2590,34.68472222222222,-117.82083333333333
Sage,CSAG,2010,2022,2560,33.605555555555554,-116.93916666666668
Saugus,CSAU,1994,2022,1450,34.425,-118.525
Santa Barbara Island,CSBB,1995,2022,176,33.483333333333334,-119.03333333333332
Santa Barbara Botanic Garden,CSBG,2011,2022,-9999,-9999.0,-9999.0
OP1 - San Clemente Island,CSC1,2012,2022,-9999,-9999.0,-9999.0
OP3 - San Clemente Island,CSC3,2015,2022,-9999,-9999.0,-9999.0
San Clemente NRO,CSCE,2014,2022,700,32.99611111111111,-118.55305555555556
Santa Cruz Island,CSCI,1990,2022,250,33.99583333333334,-119.72222222222224
San Clemente Island,CSCL,2000,2006,935,32.84,-118.3875
Sedgwick,CSED,2017,2022,-9999,-9999.0,-9999.0
Santa Fe Dam,CSFD,1993,2022,500,34.12083333333334,-117.94583333333334
Shadequarter,CSHQ,1990,2022,4069,36.56722222222223,-118.95555555555556
Simi Valley,CSIV,2001,2012,914,34.29111111111111,-118.81444444444443
San Marcos,CSMA,1992,1995,2200,34.5125,-119.82305555555556
San Miguel,CSMI,2002,2022,425,32.684999999999995,-116.97361111111113
San Marcos Pass,CSMP,2015,2022,1491,34.49138888888889,-119.79638888888888
Santa Rita,CSNR,1991,2022,5000,36.34777777777778,-120.59777777777778
San Pasqual,CSPQ,2009,2022,255,33.09138888888889,-117.01222222222222
Red Mountain,CSQS,1991,2022,-9999,-9999.0,-9999.0
Senator Wash,CSQU,1986,2022,-9999,-9999.0,-9999.0
San Rafael Hills,CSRH,2004,2022,1770,34.19416666666666,-118.2125
Santa Rosa Island,CSRI,1990,2022,1298,33.97777777777778,-120.07777777777775
Santa Rosa Plateau,CSRO,1993,2022,1980,33.52861111111111,-117.23055555555555
Saratoga Spring,CSRT,2013,2022,198,35.68055555555555,-116.42222222222225
Sunset,CSS1,2002,2003,5553,34.209722222222226,-117.69083333333332
Sugarloaf,CSUG,1992,2022,8120,36.72666666666667,-118.675
Santa Ysabel,CSYS,2009,2014,2920,33.11083333333333,-116.67111111111112
Talega,CTAL,2001,2018,1203,33.47805555555556,-117.48583333333332
Tanbark,CTAN,1986,2022,2600,34.206944444444446,-117.76055555555556
Target Range,CTAR,1992,2011,918,33.37222222222222,-117.35888888888888
Temescal (LPF),CTE2,2001,2022,1140,34.480555555555554,-118.75555555555556
Temescal,CTEM,1985,1991,1060,34.483333333333334,-118.6
Tepusquet,CTEP,2015,2022,3200,34.919999999999995,-120.18111111111112
Thousand Oaks,CTHS,2002,2012,-9999,-9999.0,-185.3505555555556
Talega Ridge,CTLR,2014,2022,1215,33.4775,-117.4863888888889
Temescal (CNF),CTM2,2000,2011,1125,33.7625,-117.48277777777778
Temescal #2 (CNF),CTMC,2010,2022,1486,33.75611111111111,-117.49666666666668
Tonner Canyon,CTON,2004,2022,1340,33.9475,-117.82222222222222
Topanga,CTOP,2011,2022,1600,34.13611111111111,-118.6061111111111
Trimmer,CTRM,1999,2022,1540,36.91111111111111,-119.305
Twisselman,CTWI,2005,2022,3232,35.362500000000004,-119.82333333333332
Valley Center,CVAL,1990,2022,1483,33.23722222222222,-117.00861111111112
Valyermo,CVAY,2002,2022,3780,34.44555555555555,-117.85111111111112
Vista Grande,CVIS,2008,2022,4700,33.837500000000006,-116.80833333333334
Vandenberg,CVND,2002,2022,1050,34.75861111111111,-120.48611111111111
Walker Pass,CWAL,1991,2022,5572,35.664722222222224,-118.05694444444444
Warm Springs,CWAR,1986,2022,4930,34.59583333333334,-118.5786111111111
Wood Canyon,CWCN,2008,2010,4741,34.00888888888889,-116.82222222222222
Woody,CWDY,2010,2022,1591,35.70611111111111,-118.8325
Whittier Hills,CWHH,1999,2022,950,33.98388888888889,-118.01
Wiley Ridge,CWIL,2003,2022,1645,34.37166666666667,-118.84083333333332
Wire Mountain,CWIR,2014,2022,245,33.23555555555556,-117.36805555555554
Wilson Canyon,CWLS,2013,2022,3075,33.97611111111112,-115.995
Wofford Heights,CWOF,1997,2022,3150,35.72166666666667,-118.49888888888889
Wolverton,CWOL,1996,2022,5240,36.44499999999999,-118.70333333333332
Whitaker Peak,CWPK,1999,2022,4120,34.56861111111112,-118.74027777777778
Walker Passe,CWPS,2005,2022,5217,35.6625,-118.02555555555556
White Water California,CWWR,2009,2022,-9999,-9999.0,-9999.0
Yucca Valley,CYUC,1990,2022,3260,34.123333333333335,-116.40777777777778
